model,accuracy,precision,recall,f1
all,0.6581112207963146,0.6557957058433651,0.6581112207963146,0.6471859896072041
