model,train_accuracy,train_precision,train_recall,train_f1
all,0.8498968449655311,0.8468029971735249,0.8498968449655311,0.8394565674231078
